No,種別,店名(日本語読み),店名(ハングル),ジャンル,料理の詳細,犬の同伴,テラス席,エリア(日),エリア(韓),区,住所(ハングル),緯度,経度,評価,口コミ数,業態,Googleマップ,NAVERマップ,DiningCode,カテゴリ原文(韓)
1,レストラン,ヌメロドス,누메로도스 성수,イタリアン,薪窯ピザ・マスカルポーネピザ,店内OK,なし,聖水（ソンス）,성수,城東区,서울특별시 성동구 상원1길 35-9,37.5463758,127.0473386,4.2,53,一般飲食店,https://www.google.com/maps/search/?api=1&query=37.5463758%2C127.0473386,https://map.naver.com/p/search/%EB%88%84%EB%A9%94%EB%A1%9C%EB%8F%84%EC%8A%A4%20%EC%84%9C%EC%9A%B8%ED%8A%B9%EB%B3%84%EC%8B%9C%20%EC%84%B1%EB%8F%99%EA%B5%AC%20%EC%83%81%EC%9B%901%EA%B8%B8%2035-9,https://www.diningcode.com/profile.php?rid=4Pm4ParsyhZX,"화덕피자, 마스카포네피자"
2,レストラン,ルベジワン,르베지왕 성수,カレー・サラダ,スパイスカレー、サラダボウル,店内OK,なし,聖水（ソンス）,성수,城東区,서울특별시 성동구 연무장1길 15-1 1층,37.5444893,127.0511271,4.7,16,一般飲食店,https://www.google.com/maps/search/?api=1&query=37.5444893%2C127.0511271,https://map.naver.com/p/search/%EB%A5%B4%EB%B2%A0%EC%A7%80%EC%99%95%20%EC%84%9C%EC%9A%B8%ED%8A%B9%EB%B3%84%EC%8B%9C%20%EC%84%B1%EB%8F%99%EA%B5%AC%20%EC%97%B0%EB%AC%B4%EC%9E%A51%EA%B8%B8%2015-1%201%EC%B8%B5,https://www.diningcode.com/profile.php?rid=5upIL7dm99V5,"샐러드, 카레"
3,レストラン,オンリュ,온류 서울숲,韓国料理,モダン韓定食・フュージョン韓食,店内OK,あり,ソウルの森,서울숲,城東区,서울특별시 성동구 서울숲2길 14-8 2층,37.5471073,127.0400371,4.1,6,一般飲食店,https://www.google.com/maps/search/?api=1&query=37.5471073%2C127.0400371,https://map.naver.com/p/search/%EC%98%A8%EB%A5%98%20%EC%84%9C%EC%9A%B8%ED%8A%B9%EB%B3%84%EC%8B%9C%20%EC%84%B1%EB%8F%99%EA%B5%AC%20%EC%84%9C%EC%9A%B8%EC%88%B22%EA%B8%B8%2014-8%202%EC%B8%B5,https://www.diningcode.com/profile.php?rid=ulTH0VrtgFc1,"퓨전한식, 한식다이닝"
4,レストラン,フレーバータウン,플레이버타운 서울숲,アジア料理,タイ・東南アジア系プレート,店内OK,あり,ソウルの森,서울숲,城東区,서울특별시 성동구 서울숲4길 18-7 1층,37.5469832,127.0429156,4.4,10,一般飲食店,https://www.google.com/maps/search/?api=1&query=37.5469832%2C127.0429156,https://map.naver.com/p/search/%ED%94%8C%EB%A0%88%EC%9D%B4%EB%B2%84%ED%83%80%EC%9A%B4%20%EC%84%9C%EC%9A%B8%ED%8A%B9%EB%B3%84%EC%8B%9C%20%EC%84%B1%EB%8F%99%EA%B5%AC%20%EC%84%9C%EC%9A%B8%EC%88%B24%EA%B8%B8%2018-7%201%EC%B8%B5,https://www.diningcode.com/profile.php?rid=Cq8VW8Cf7zVh,아시안요리
5,レストラン,ヴィラドブルー聖水,빌라드블루 성수 서울숲,イタリアン,パスタ・ブランチ,店内OK,あり,ソウルの森,서울숲,城東区,서울특별시 성동구 서울숲2길 46-10 1층,37.5461607,127.0434999,4.5,4,一般飲食店,https://www.google.com/maps/search/?api=1&query=37.5461607%2C127.0434999,https://map.naver.com/p/search/%EB%B9%8C%EB%9D%BC%EB%93%9C%EB%B8%94%EB%A3%A8%20%EC%84%B1%EC%88%98%20%EC%84%9C%EC%9A%B8%ED%8A%B9%EB%B3%84%EC%8B%9C%20%EC%84%B1%EB%8F%99%EA%B5%AC%20%EC%84%9C%EC%9A%B8%EC%88%B22%EA%B8%B8%2046-10%201%EC%B8%B5,https://www.diningcode.com/profile.php?rid=lNilc6wX2hED,"파스타, 브런치"
6,レストラン,レッツイートチキン,레츠잇치킨 성수,チキン,フライドチキン・チキンバーガー,店内OK,あり,聖水（ソンス）,성수,城東区,서울특별시 성동구 왕십리로4길 12 1층,37.5458643,127.0459858,5,5,一般飲食店,https://www.google.com/maps/search/?api=1&query=37.5458643%2C127.0459858,https://map.naver.com/p/search/%EB%A0%88%EC%B8%A0%EC%9E%87%EC%B9%98%ED%82%A8%20%EC%84%9C%EC%9A%B8%ED%8A%B9%EB%B3%84%EC%8B%9C%20%EC%84%B1%EB%8F%99%EA%B5%AC%20%EC%99%95%EC%8B%AD%EB%A6%AC%EB%A1%9C4%EA%B8%B8%2012%201%EC%B8%B5,https://www.diningcode.com/profile.php?rid=DwhVoJv6Cmjy,"치킨, 치킨버거"
7,レストラン,マイヅル,마이즈루 성수,居酒屋,居酒屋料理・アサヒ生ビール,店内OK,なし,聖水（ソンス）,성수,城東区,서울특별시 성동구 성덕정17길 7-1 1층 마이즈루,37.5379102,127.0552104,,0,一般飲食店,https://www.google.com/maps/search/?api=1&query=37.5379102%2C127.0552104,https://map.naver.com/p/search/%EB%A7%88%EC%9D%B4%EC%A6%88%EB%A3%A8%20%EC%84%9C%EC%9A%B8%ED%8A%B9%EB%B3%84%EC%8B%9C%20%EC%84%B1%EB%8F%99%EA%B5%AC%20%EC%84%B1%EB%8D%95%EC%A0%9517%EA%B8%B8%207-1%201%EC%B8%B5%20%EB%A7%88%EC%9D%B4%EC%A6%88%EB%A3%A8,https://www.diningcode.com/profile.php?rid=Mi6UKQ4IqHrP,"이자카야, 아사히생맥주"
8,レストラン,23プラッター,23플래터 홍대,イタリアン,パスタ・洋食プレート,店内OK,なし,弘大（ホンデ）,홍대,麻浦区,서울특별시 마포구 잔다리로3안길 36 1층 23플래터,37.5504806,126.9193937,4.8,14,一般飲食店,https://www.google.com/maps/search/?api=1&query=37.5504806%2C126.9193937,https://map.naver.com/p/search/23%ED%94%8C%EB%9E%98%ED%84%B0%20%EC%84%9C%EC%9A%B8%ED%8A%B9%EB%B3%84%EC%8B%9C%20%EB%A7%88%ED%8F%AC%EA%B5%AC%20%EC%9E%94%EB%8B%A4%EB%A6%AC%EB%A1%9C3%EC%95%88%EA%B8%B8%2036%201%EC%B8%B5%2023%ED%94%8C%EB%9E%98%ED%84%B0,https://www.diningcode.com/profile.php?rid=gHUQLcy5Qwa4,"파스타, 레스토랑"
9,レストラン,オルノ 合井店,오르노 합정점,イタリアン,薪窯ピザ,店内OK,なし,合井（ハプチョン）,합정,麻浦区,"서울특별시 마포구 월드컵로3길 14 딜라이트스퀘어2차 지1층 B113호, 114호",37.5509322,126.9118087,4,9,一般飲食店,https://www.google.com/maps/search/?api=1&query=37.5509322%2C126.9118087,https://map.naver.com/p/search/%EC%98%A4%EB%A5%B4%EB%85%B8%20%EC%84%9C%EC%9A%B8%ED%8A%B9%EB%B3%84%EC%8B%9C%20%EB%A7%88%ED%8F%AC%EA%B5%AC%20%EC%9B%94%EB%93%9C%EC%BB%B5%EB%A1%9C3%EA%B8%B8%2014%20%EB%94%9C%EB%9D%BC%EC%9D%B4%ED%8A%B8%EC%8A%A4%ED%80%98%EC%96%B42%EC%B0%A8%20%EC%A7%801%EC%B8%B5%20B113%ED%98%B8%2C%20114%ED%98%B8,https://www.diningcode.com/profile.php?rid=tvk9xFWmat5W,화덕피자
10,レストラン,ディエム 合井,디엠 합정,バー,カクテルバー,店内OK,なし,合井（ハプチョン）,합정,麻浦区,서울 마포구 독막로3길 29 반지층 1층 디엠,37.5496866,126.9170945,4.1,12,一般飲食店,https://www.google.com/maps/search/?api=1&query=37.5496866%2C126.9170945,https://map.naver.com/p/search/%EB%94%94%EC%97%A0%20%EC%84%9C%EC%9A%B8%20%EB%A7%88%ED%8F%AC%EA%B5%AC%20%EB%8F%85%EB%A7%89%EB%A1%9C3%EA%B8%B8%2029%20%EB%B0%98%EC%A7%80%EC%B8%B5%201%EC%B8%B5%20%EB%94%94%EC%97%A0,https://www.diningcode.com/profile.php?rid=WDfswSAmzXhq,"칵테일, 칵테일바"
11,レストラン,シチリアブルース,시칠리 블루스 망원동,ワインバー,ワイン・イタリアン小皿,店内OK,あり,望遠（マンウォン）,망원,麻浦区,서울특별시 마포구 망원로6길 59 1층,37.5543883,126.9040362,4.3,4,一般飲食店,https://www.google.com/maps/search/?api=1&query=37.5543883%2C126.9040362,https://map.naver.com/p/search/%EC%8B%9C%EC%B9%A0%EB%A6%AC%20%EB%B8%94%EB%A3%A8%EC%8A%A4%20%EC%84%9C%EC%9A%B8%ED%8A%B9%EB%B3%84%EC%8B%9C%20%EB%A7%88%ED%8F%AC%EA%B5%AC%20%EB%A7%9D%EC%9B%90%EB%A1%9C6%EA%B8%B8%2059%201%EC%B8%B5,https://www.diningcode.com/profile.php?rid=bP5YaW8VJ1mK,와인바
12,レストラン,春川チン炭火タッカルビ,춘천진숯불닭갈비 상암동,韓国料理,タッカルビ（鶏の鉄板炒め）,店内OK,なし,上岩（サンアム）,상암,麻浦区,"서울특별시 마포구 성암로15길 7-1 1,2층",37.5784348,126.8958121,4,3,一般飲食店,https://www.google.com/maps/search/?api=1&query=37.5784348%2C126.8958121,https://map.naver.com/p/search/%EC%B6%98%EC%B2%9C%EC%A7%84%EC%88%AF%EB%B6%88%EB%8B%AD%EA%B0%88%EB%B9%84%20%EC%84%9C%EC%9A%B8%ED%8A%B9%EB%B3%84%EC%8B%9C%20%EB%A7%88%ED%8F%AC%EA%B5%AC%20%EC%84%B1%EC%95%94%EB%A1%9C15%EA%B8%B8%207-1%201%2C2%EC%B8%B5,https://www.diningcode.com/profile.php?rid=LsRDvfQoJUQr,"닭갈비, 숯불닭갈비"
13,レストラン,ランゲ,랑게 대흥역,イタリアン,パスタ（ウニパスタ）,店内OK,なし,大興（テフン）,대흥,麻浦区,서울특별시 마포구 독막로31길 10 1층,37.5476821,126.9390864,5,1,一般飲食店,https://www.google.com/maps/search/?api=1&query=37.5476821%2C126.9390864,https://map.naver.com/p/search/%EB%9E%91%EA%B2%8C%20%EC%84%9C%EC%9A%B8%ED%8A%B9%EB%B3%84%EC%8B%9C%20%EB%A7%88%ED%8F%AC%EA%B5%AC%20%EB%8F%85%EB%A7%89%EB%A1%9C31%EA%B8%B8%2010%201%EC%B8%B5,https://www.diningcode.com/profile.php?rid=NVnSW1rbp9W9,"파스타, 우니파스타"
14,レストラン,ソンギョンソッパプ,송경솥밥 연남점,韓国料理,釜飯定食（ソッパプ）,店内OK,なし,延南洞（ヨンナムドン）,연남동,麻浦区,서울특별시 마포구 성미산로29길 20 2층,37.5649936,126.9224612,,0,一般飲食店,https://www.google.com/maps/search/?api=1&query=37.5649936%2C126.9224612,https://map.naver.com/p/search/%EC%86%A1%EA%B2%BD%EC%86%A5%EB%B0%A5%20%EC%84%9C%EC%9A%B8%ED%8A%B9%EB%B3%84%EC%8B%9C%20%EB%A7%88%ED%8F%AC%EA%B5%AC%20%EC%84%B1%EB%AF%B8%EC%82%B0%EB%A1%9C29%EA%B8%B8%2020%202%EC%B8%B5,https://www.diningcode.com/profile.php?rid=pvsbyVIff5FV,"솥밥, 한식"
15,レストラン,ドゥユライクイット,두유라이크잇 연남,ブランチ,エッグベネディクト・ブランチ,店内OK,なし,延南洞（ヨンナムドン）,연남동,麻浦区,서울특별시 마포구 성미산로29길 29-5 1층 101호 두유라이크잇,37.5651197,126.9218606,,0,一般飲食店,https://www.google.com/maps/search/?api=1&query=37.5651197%2C126.9218606,https://map.naver.com/p/search/%EB%91%90%EC%9C%A0%EB%9D%BC%EC%9D%B4%ED%81%AC%EC%9E%87%20%EC%84%9C%EC%9A%B8%ED%8A%B9%EB%B3%84%EC%8B%9C%20%EB%A7%88%ED%8F%AC%EA%B5%AC%20%EC%84%B1%EB%AF%B8%EC%82%B0%EB%A1%9C29%EA%B8%B8%2029-5%201%EC%B8%B5%20101%ED%98%B8%20%EB%91%90%EC%9C%A0%EB%9D%BC%EC%9D%B4%ED%81%AC%EC%9E%87,https://www.diningcode.com/profile.php?rid=7f18v0pcrDoM,"브런치, 에그베네딕트"
16,レストラン,サマーレーン,Summer Lane 한남동,ブランチ,オーストラリア式ブランチ,店内OK,なし,漢南洞（ハンナムドン）,한남동,龍山区,서울특별시 용산구 이태원로55가길 49 1층 summerlane,37.5363661,126.9992855,4.3,27,一般飲食店,https://www.google.com/maps/search/?api=1&query=37.5363661%2C126.9992855,https://map.naver.com/p/search/Summer%20Lane%20%EC%84%9C%EC%9A%B8%ED%8A%B9%EB%B3%84%EC%8B%9C%20%EC%9A%A9%EC%82%B0%EA%B5%AC%20%EC%9D%B4%ED%83%9C%EC%9B%90%EB%A1%9C55%EA%B0%80%EA%B8%B8%2049%201%EC%B8%B5%20summerlane,https://www.diningcode.com/profile.php?rid=0UvJFCodmpKM,"브런치, 호주"
17,レストラン,ピクピク,픽픽 후암동,洋食,洋食＋韓国家庭料理,店内OK,あり,厚岩洞（フアムドン）,후암동,龍山区,서울특별시 용산구 후암로 18 1층 픽픽,37.5475443,126.9782071,4,2,一般飲食店,https://www.google.com/maps/search/?api=1&query=37.5475443%2C126.9782071,https://map.naver.com/p/search/%ED%94%BD%ED%94%BD%20%EC%84%9C%EC%9A%B8%ED%8A%B9%EB%B3%84%EC%8B%9C%20%EC%9A%A9%EC%82%B0%EA%B5%AC%20%ED%9B%84%EC%95%94%EB%A1%9C%2018%201%EC%B8%B5%20%ED%94%BD%ED%94%BD,https://www.diningcode.com/profile.php?rid=X1njh4R8sc76,"양식, 한식"
18,レストラン,リットハウス,리트하우스 남산,ブランチ,サンドイッチ・ブランチ,店内OK,あり,南山／厚岩洞,남산·후암동,龍山区,서울특별시 용산구 소월로2길 5 1층,37.5547789,126.9767756,4,3,一般飲食店,https://www.google.com/maps/search/?api=1&query=37.5547789%2C126.9767756,https://map.naver.com/p/search/%EB%A6%AC%ED%8A%B8%ED%95%98%EC%9A%B0%EC%8A%A4%20%EC%84%9C%EC%9A%B8%ED%8A%B9%EB%B3%84%EC%8B%9C%20%EC%9A%A9%EC%82%B0%EA%B5%AC%20%EC%86%8C%EC%9B%94%EB%A1%9C2%EA%B8%B8%205%201%EC%B8%B5,https://www.diningcode.com/profile.php?rid=h4b0VvoLFKM1,"브런치, 샌드위치"
19,レストラン,パッチズワーククラブ,패치스워크클럽 동묘,サンドイッチ,サンドイッチ・ブランチ,店内OK,あり,東廟（トンミョ）,동묘,鍾路区,서울특별시 종로구 지봉로8길 5 1층,37.5753051,127.0161145,,0,軽飲食店,https://www.google.com/maps/search/?api=1&query=37.5753051%2C127.0161145,https://map.naver.com/p/search/%ED%8C%A8%EC%B9%98%EC%8A%A4%EC%9B%8C%ED%81%AC%ED%81%B4%EB%9F%BD%20%EC%84%9C%EC%9A%B8%ED%8A%B9%EB%B3%84%EC%8B%9C%20%EC%A2%85%EB%A1%9C%EA%B5%AC%20%EC%A7%80%EB%B4%89%EB%A1%9C8%EA%B8%B8%205%201%EC%B8%B5,https://www.diningcode.com/profile.php?rid=SgS1jWVK1dJa,"샌드위치, 브런치"
20,レストラン,ワンズドク,왕스덕 신사역,中華,北京ダック,店内OK,なし,新沙（シンサ）,신사,江南区,서울특별시 강남구 도산대로 130 하림타워 지하 1층,37.5172609,127.0230251,4,9,一般飲食店,https://www.google.com/maps/search/?api=1&query=37.5172609%2C127.0230251,https://map.naver.com/p/search/%EC%99%95%EC%8A%A4%EB%8D%95%20%EC%84%9C%EC%9A%B8%ED%8A%B9%EB%B3%84%EC%8B%9C%20%EA%B0%95%EB%82%A8%EA%B5%AC%20%EB%8F%84%EC%82%B0%EB%8C%80%EB%A1%9C%20130%20%ED%95%98%EB%A6%BC%ED%83%80%EC%9B%8C%20%EC%A7%80%ED%95%98%201%EC%B8%B5,https://www.diningcode.com/profile.php?rid=iGdOlKB19vcj,베이징덕
21,レストラン,ヨンドンポチャナ,영동포차나 논현동,タイ料理,タイ屋台料理,店内OK,なし,論峴洞（ノニョンドン）,논현동,江南区,서울특별시 강남구 언주로148길 14 나동 2층 208호,37.5206302,127.0361626,4.5,3,一般飲食店,https://www.google.com/maps/search/?api=1&query=37.5206302%2C127.0361626,https://map.naver.com/p/search/%EC%98%81%EB%8F%99%ED%8F%AC%EC%B0%A8%EB%82%98%20%EC%84%9C%EC%9A%B8%ED%8A%B9%EB%B3%84%EC%8B%9C%20%EA%B0%95%EB%82%A8%EA%B5%AC%20%EC%96%B8%EC%A3%BC%EB%A1%9C148%EA%B8%B8%2014%20%EB%82%98%EB%8F%99%202%EC%B8%B5%20208%ED%98%B8,https://www.diningcode.com/profile.php?rid=bgRRMy8S3FmW,태국음식
22,レストラン,ピザエクスプレス,피자익스프레스 가로수길,ピザ,ピザ,店内OK,なし,カロスキル,가로수길,江南区,서울특별시 강남구 압구정로10길 28 지하1층,37.5218105,127.0219646,4.2,13,一般飲食店,https://www.google.com/maps/search/?api=1&query=37.5218105%2C127.0219646,https://map.naver.com/p/search/%ED%94%BC%EC%9E%90%EC%9D%B5%EC%8A%A4%ED%94%84%EB%A0%88%EC%8A%A4%20%EC%84%9C%EC%9A%B8%ED%8A%B9%EB%B3%84%EC%8B%9C%20%EA%B0%95%EB%82%A8%EA%B5%AC%20%EC%95%95%EA%B5%AC%EC%A0%95%EB%A1%9C10%EA%B8%B8%2028%20%EC%A7%80%ED%95%981%EC%B8%B5,https://www.diningcode.com/profile.php?rid=KscONk1BrLxf,"피자, 피자집"
23,レストラン,モスガーデン,모스가든 논현,ブランチ,ブランチ・洋食レストラン,店内OK,なし,論峴洞（ノニョンドン）,논현동,江南区,서울특별시 강남구 논현로139길 12,37.5166598,127.0283711,3.5,14,一般飲食店,https://www.google.com/maps/search/?api=1&query=37.5166598%2C127.0283711,https://map.naver.com/p/search/%EB%AA%A8%EC%8A%A4%EA%B0%80%EB%93%A0%20%EC%84%9C%EC%9A%B8%ED%8A%B9%EB%B3%84%EC%8B%9C%20%EA%B0%95%EB%82%A8%EA%B5%AC%20%EB%85%BC%ED%98%84%EB%A1%9C139%EA%B8%B8%2012,https://www.diningcode.com/profile.php?rid=z0qgKaBzG0aO,"브런치, 레스토랑"
24,レストラン,ドラボウル 新沙,도라보울 신사점,カレー,スープカレー,店内OK,なし,新沙（シンサ）,신사,江南区,서울특별시 강남구 논현로175길 101-5 1층,37.5223924,127.0213747,,0,一般飲食店,https://www.google.com/maps/search/?api=1&query=37.5223924%2C127.0213747,https://map.naver.com/p/search/%EB%8F%84%EB%9D%BC%EB%B3%B4%EC%9A%B8%20%EC%84%9C%EC%9A%B8%ED%8A%B9%EB%B3%84%EC%8B%9C%20%EA%B0%95%EB%82%A8%EA%B5%AC%20%EB%85%BC%ED%98%84%EB%A1%9C175%EA%B8%B8%20101-5%201%EC%B8%B5,https://www.diningcode.com/profile.php?rid=vB5LFBRFURhW,"카레, 스프카레"
25,レストラン,モモコの台所,모모코 부엌 양재천,中央アジア料理,ウイグル料理・クリームマッコリ,店内OK,あり,良才川（ヤンジェチョン）,양재천,江南区,서울특별시 강남구 논현로24길 9 1층,37.4815788,127.0439018,,0,一般飲食店,https://www.google.com/maps/search/?api=1&query=37.4815788%2C127.0439018,https://map.naver.com/p/search/%EB%AA%A8%EB%AA%A8%EC%BD%94%20%EB%B6%80%EC%97%8C%20%EC%84%9C%EC%9A%B8%ED%8A%B9%EB%B3%84%EC%8B%9C%20%EA%B0%95%EB%82%A8%EA%B5%AC%20%EB%85%BC%ED%98%84%EB%A1%9C24%EA%B8%B8%209%201%EC%B8%B5,https://www.diningcode.com/profile.php?rid=2Dpkb2jAorcT,"위구르요리, 크림막걸리"
26,レストラン,トラキ,트래키 양재역,ハンバーガー,自家製バーガー,店内OK,なし,道谷／良才,도곡·양재,江南区,서울 강남구 강남대로42길 23 101호,37.4855544,127.0359896,,0,一般飲食店,https://www.google.com/maps/search/?api=1&query=37.4855544%2C127.0359896,https://map.naver.com/p/search/%ED%8A%B8%EB%9E%98%ED%82%A4%20%EC%84%9C%EC%9A%B8%20%EA%B0%95%EB%82%A8%EA%B5%AC%20%EA%B0%95%EB%82%A8%EB%8C%80%EB%A1%9C42%EA%B8%B8%2023%20101%ED%98%B8,https://www.diningcode.com/profile.php?rid=Vdgv5HSfSxkV,수제버거
27,レストラン,コミダQQQ,꼬미다 큐큐큐 양재,スペイン料理,タパス・スペイン料理,店内OK,なし,良才洞（ヤンジェドン）,양재동,瑞草区,"서울특별시 서초구 강남대로12길 41 101, 102호",37.4707666,127.0411127,4.6,9,一般飲食店,https://www.google.com/maps/search/?api=1&query=37.4707666%2C127.0411127,https://map.naver.com/p/search/%EA%BC%AC%EB%AF%B8%EB%8B%A4%20%ED%81%90%ED%81%90%ED%81%90%20%EC%84%9C%EC%9A%B8%ED%8A%B9%EB%B3%84%EC%8B%9C%20%EC%84%9C%EC%B4%88%EA%B5%AC%20%EA%B0%95%EB%82%A8%EB%8C%80%EB%A1%9C12%EA%B8%B8%2041%20101%2C%20102%ED%98%B8,https://www.diningcode.com/profile.php?rid=ZUSjdg9qN63b,스페인음식
28,レストラン,オールウェイズオン,올웨이즈온 사당,ブランチ,ブランチプレート,店内OK,あり,方背洞（パンベドン）,방배동,瑞草区,서울특별시 서초구 방배천로8길 16-12 1층 카페,37.4800442,126.9833819,4.6,16,一般飲食店,https://www.google.com/maps/search/?api=1&query=37.4800442%2C126.9833819,https://map.naver.com/p/search/%EC%98%AC%EC%9B%A8%EC%9D%B4%EC%A6%88%EC%98%A8%20%EC%84%9C%EC%9A%B8%ED%8A%B9%EB%B3%84%EC%8B%9C%20%EC%84%9C%EC%B4%88%EA%B5%AC%20%EB%B0%A9%EB%B0%B0%EC%B2%9C%EB%A1%9C8%EA%B8%B8%2016-12%201%EC%B8%B5%20%EC%B9%B4%ED%8E%98,https://www.diningcode.com/profile.php?rid=LAHvWvzlPe12,브런치
29,レストラン,ドクターロビン 瑞来村店,닥터로빈 서래마을점,ブランチ,ヘルシーブランチ・かぼちゃスープ,店内OK,なし,瑞来村（ソレマウル）,서래마을,瑞草区,서울특별시 서초구 서래로6길 17 1층 닥터로빈 서래마을점,37.4978663,126.9993768,,0,一般飲食店,https://www.google.com/maps/search/?api=1&query=37.4978663%2C126.9993768,https://map.naver.com/p/search/%EB%8B%A5%ED%84%B0%EB%A1%9C%EB%B9%88%20%EC%84%9C%EC%9A%B8%ED%8A%B9%EB%B3%84%EC%8B%9C%20%EC%84%9C%EC%B4%88%EA%B5%AC%20%EC%84%9C%EB%9E%98%EB%A1%9C6%EA%B8%B8%2017%201%EC%B8%B5%20%EB%8B%A5%ED%84%B0%EB%A1%9C%EB%B9%88%20%EC%84%9C%EB%9E%98%EB%A7%88%EC%9D%84%EC%A0%90,https://www.diningcode.com/profile.php?rid=lyCYKMRCke8A,"브런치, 단호박스프"
30,レストラン,サランホ・マクフェ,사랑호 막회 내방역,韓国料理／刺身,ムルフェ（冷たい刺身スープ）・刺身,店内OK,なし,方背洞（パンベドン）,방배동,瑞草区,서울특별시 서초구 서초대로27길 33 지하1층,37.4894862,126.994078,,0,一般飲食店,https://www.google.com/maps/search/?api=1&query=37.4894862%2C126.994078,https://map.naver.com/p/search/%EC%82%AC%EB%9E%91%ED%98%B8%20%EB%A7%89%ED%9A%8C%20%EC%84%9C%EC%9A%B8%ED%8A%B9%EB%B3%84%EC%8B%9C%20%EC%84%9C%EC%B4%88%EA%B5%AC%20%EC%84%9C%EC%B4%88%EB%8C%80%EB%A1%9C27%EA%B8%B8%2033%20%EC%A7%80%ED%95%981%EC%B8%B5,https://www.diningcode.com/profile.php?rid=5l728lVUVegc,"물회, 막회"
31,レストラン,エントランス,엔트런스 교대역,ブランチ,ブランチ・カフェ飯,店内OK,なし,教大（キョデ）,교대,瑞草区,서울특별시 서초구 사임당로19길 72-3,37.4924472,127.0190354,4,7,軽飲食店,https://www.google.com/maps/search/?api=1&query=37.4924472%2C127.0190354,https://map.naver.com/p/search/%EC%97%94%ED%8A%B8%EB%9F%B0%EC%8A%A4%20%EC%84%9C%EC%9A%B8%ED%8A%B9%EB%B3%84%EC%8B%9C%20%EC%84%9C%EC%B4%88%EA%B5%AC%20%EC%82%AC%EC%9E%84%EB%8B%B9%EB%A1%9C19%EA%B8%B8%2072-3,https://www.diningcode.com/profile.php?rid=cI75AwMkDJoa,브런치
32,レストラン,チャゴバーガー,차고버거 방이동,ハンバーガー,自家製バーガー,店内OK,なし,芳荑洞（パンイドン）,방이동,松坡区,서울특별시 송파구 오금로11길 61-11 엘엠오피스텔 1층 차고버거,37.5155033,127.1140043,4.3,11,一般飲食店,https://www.google.com/maps/search/?api=1&query=37.5155033%2C127.1140043,https://map.naver.com/p/search/%EC%B0%A8%EA%B3%A0%EB%B2%84%EA%B1%B0%20%EC%84%9C%EC%9A%B8%ED%8A%B9%EB%B3%84%EC%8B%9C%20%EC%86%A1%ED%8C%8C%EA%B5%AC%20%EC%98%A4%EA%B8%88%EB%A1%9C11%EA%B8%B8%2061-11%20%EC%97%98%EC%97%A0%EC%98%A4%ED%94%BC%EC%8A%A4%ED%85%94%201%EC%B8%B5%20%EC%B0%A8%EA%B3%A0%EB%B2%84%EA%B1%B0,https://www.diningcode.com/profile.php?rid=5QzZuKcFevat,수제버거
33,レストラン,ディフ,디프 송리단길,イタリアン,パスタ・洋食,店内OK,なし,松里団キル,송리단길,松坡区,서울특별시 송파구 백제고분로45길 15 3층,37.5095912,127.1096876,4.2,8,一般飲食店,https://www.google.com/maps/search/?api=1&query=37.5095912%2C127.1096876,https://map.naver.com/p/search/%EB%94%94%ED%94%84%20%EC%84%9C%EC%9A%B8%ED%8A%B9%EB%B3%84%EC%8B%9C%20%EC%86%A1%ED%8C%8C%EA%B5%AC%20%EB%B0%B1%EC%A0%9C%EA%B3%A0%EB%B6%84%EB%A1%9C45%EA%B8%B8%2015%203%EC%B8%B5,https://www.diningcode.com/profile.php?rid=QoUWsPjQO0Vf,"파스타, 레스토랑"
34,レストラン,ソンリダン醸造場,송리단양조장,韓国酒場,自家製マッコリと韓国つまみ,店内OK,なし,松里団キル,송리단길,松坡区,서울특별시 송파구 백제고분로45길 11 렉스프라자 2층,37.5094213,127.1100234,4.3,7,一般飲食店,https://www.google.com/maps/search/?api=1&query=37.5094213%2C127.1100234,https://map.naver.com/p/search/%EC%86%A1%EB%A6%AC%EB%8B%A8%EC%96%91%EC%A1%B0%EC%9E%A5%20%EC%84%9C%EC%9A%B8%ED%8A%B9%EB%B3%84%EC%8B%9C%20%EC%86%A1%ED%8C%8C%EA%B5%AC%20%EB%B0%B1%EC%A0%9C%EA%B3%A0%EB%B6%84%EB%A1%9C45%EA%B8%B8%2011%20%EB%A0%89%EC%8A%A4%ED%94%84%EB%9D%BC%EC%9E%90%202%EC%B8%B5,https://www.diningcode.com/profile.php?rid=weeWtjYdeZjl,"막걸리, 수제막걸리"
35,レストラン,ホジェネ,호재네 천호역,韓国料理,骨付き肉の炙り焼き・韓国居酒屋,店内OK,なし,風納洞（プンナプドン）,풍납동,松坡区,서울특별시 송파구 올림픽로 607 201호,37.536027,127.1221905,4,2,一般飲食店,https://www.google.com/maps/search/?api=1&query=37.536027%2C127.1221905,https://map.naver.com/p/search/%ED%98%B8%EC%9E%AC%EB%84%A4%20%EC%84%9C%EC%9A%B8%ED%8A%B9%EB%B3%84%EC%8B%9C%20%EC%86%A1%ED%8C%8C%EA%B5%AC%20%EC%98%AC%EB%A6%BC%ED%94%BD%EB%A1%9C%20607%20201%ED%98%B8,https://www.diningcode.com/profile.php?rid=7BIvQ4RYBMtF,"술집, 뼈구이"
36,レストラン,ソアジン ルーフトップ,서아진 루프탑 송리단길점,パブ,ルーフトップパブ,店内OK,あり,松里団キル,송리단길,松坡区,서울특별시 송파구 백제고분로43길 27 5층,37.509272,127.107794,4.5,1,一般飲食店,https://www.google.com/maps/search/?api=1&query=37.509272%2C127.107794,https://map.naver.com/p/search/%EC%84%9C%EC%95%84%EC%A7%84%20%EB%A3%A8%ED%94%84%ED%83%91%20%EC%84%9C%EC%9A%B8%ED%8A%B9%EB%B3%84%EC%8B%9C%20%EC%86%A1%ED%8C%8C%EA%B5%AC%20%EB%B0%B1%EC%A0%9C%EA%B3%A0%EB%B6%84%EB%A1%9C43%EA%B8%B8%2027%205%EC%B8%B5,https://www.diningcode.com/profile.php?rid=BcBYRZBtvIpt,"펍, 루프탑"
37,レストラン,パルォル・チャンチナル,팔월잔칫날 광장동,焼肉,サムギョプサル（豚焼肉）,店内OK,なし,広壮洞（クァンジャンドン）,광장동,広津区,서울특별시 광진구 아차산로76길 5 1층,37.5479534,127.1076413,3.8,7,一般飲食店,https://www.google.com/maps/search/?api=1&query=37.5479534%2C127.1076413,https://map.naver.com/p/search/%ED%8C%94%EC%9B%94%EC%9E%94%EC%B9%AB%EB%82%A0%20%EC%84%9C%EC%9A%B8%ED%8A%B9%EB%B3%84%EC%8B%9C%20%EA%B4%91%EC%A7%84%EA%B5%AC%20%EC%95%84%EC%B0%A8%EC%82%B0%EB%A1%9C76%EA%B8%B8%205%201%EC%B8%B5,https://www.diningcode.com/profile.php?rid=CYR90QgK1gUw,"삼겹살, 돼지고기"
38,レストラン,キジョルチョプン・ムルタッカルビ,기절초풍물닭갈비 자양동,韓国料理,汁だくタッカルビ,店内OK,なし,紫陽洞（チャヤンドン）,자양동,広津区,서울특별시 광진구 자양로13길 88-1 1층,37.5329754,127.0802116,3.8,4,一般飲食店,https://www.google.com/maps/search/?api=1&query=37.5329754%2C127.0802116,https://map.naver.com/p/search/%EA%B8%B0%EC%A0%88%EC%B4%88%ED%92%8D%EB%AC%BC%EB%8B%AD%EA%B0%88%EB%B9%84%20%EC%84%9C%EC%9A%B8%ED%8A%B9%EB%B3%84%EC%8B%9C%20%EA%B4%91%EC%A7%84%EA%B5%AC%20%EC%9E%90%EC%96%91%EB%A1%9C13%EA%B8%B8%2088-1%201%EC%B8%B5,https://www.diningcode.com/profile.php?rid=lnJVWLLV2apT,"물닭갈비, 캠핑"
39,レストラン,ヌンドン・タコ屋,능동타코집 군자역,メキシコ料理,タコス・ケサディーヤ,店内OK,なし,君子（クンジャ）,군자,広津区,서울특별시 광진구 능동로32길 5,37.5553088,127.0790865,4,4,一般飲食店,https://www.google.com/maps/search/?api=1&query=37.5553088%2C127.0790865,https://map.naver.com/p/search/%EB%8A%A5%EB%8F%99%ED%83%80%EC%BD%94%EC%A7%91%20%EC%84%9C%EC%9A%B8%ED%8A%B9%EB%B3%84%EC%8B%9C%20%EA%B4%91%EC%A7%84%EA%B5%AC%20%EB%8A%A5%EB%8F%99%EB%A1%9C32%EA%B8%B8%205,https://www.diningcode.com/profile.php?rid=cj6vaQ9kbfE5,"타코, 퀘사디아"
40,レストラン,グレベル,그레베르 구의동,イタリアン,パスタ・ピザ,店内OK,なし,広壮洞（クァンジャンドン）,광장동,広津区,서울특별시 광진구 광나루로 595 상가동 1층 그레베르,37.5422785,127.0950313,3.6,5,一般飲食店,https://www.google.com/maps/search/?api=1&query=37.5422785%2C127.0950313,https://map.naver.com/p/search/%EA%B7%B8%EB%A0%88%EB%B2%A0%EB%A5%B4%20%EC%84%9C%EC%9A%B8%ED%8A%B9%EB%B3%84%EC%8B%9C%20%EA%B4%91%EC%A7%84%EA%B5%AC%20%EA%B4%91%EB%82%98%EB%A3%A8%EB%A1%9C%20595%20%EC%83%81%EA%B0%80%EB%8F%99%201%EC%B8%B5%20%EA%B7%B8%EB%A0%88%EB%B2%A0%EB%A5%B4,https://www.diningcode.com/profile.php?rid=rD6BAb8a1KoJ,"파스타, 피자"
41,レストラン,オステリア オアロ,오스테리아 오알오 군자역,イタリアン,イタリアンダイニング,店内OK,なし,陵洞（ヌンドン）,능동,広津区,"서울특별시 광진구 능동로 282 1,2층",37.554946,127.0786214,5,1,一般飲食店,https://www.google.com/maps/search/?api=1&query=37.554946%2C127.0786214,https://map.naver.com/p/search/%EC%98%A4%EC%8A%A4%ED%85%8C%EB%A6%AC%EC%95%84%20%EC%98%A4%EC%95%8C%EC%98%A4%20%EC%84%9C%EC%9A%B8%ED%8A%B9%EB%B3%84%EC%8B%9C%20%EA%B4%91%EC%A7%84%EA%B5%AC%20%EB%8A%A5%EB%8F%99%EB%A1%9C%20282%201%2C2%EC%B8%B5,https://www.diningcode.com/profile.php?rid=vjB2Tw7FCMZ0,"파스타, 이탈리안다이닝"
42,レストラン,マウディ,마우디 연희동,イタリアン,パスタ・ニョッキ,店内OK,なし,延禧洞（ヨニドン）,연희동,西大門区,서울특별시 서대문구 연희로11길 18,37.5674593,126.9301258,3.9,33,一般飲食店,https://www.google.com/maps/search/?api=1&query=37.5674593%2C126.9301258,https://map.naver.com/p/search/%EB%A7%88%EC%9A%B0%EB%94%94%20%EC%84%9C%EC%9A%B8%ED%8A%B9%EB%B3%84%EC%8B%9C%20%EC%84%9C%EB%8C%80%EB%AC%B8%EA%B5%AC%20%EC%97%B0%ED%9D%AC%EB%A1%9C11%EA%B8%B8%2018,https://www.diningcode.com/profile.php?rid=KbVZGHXHOjYa,"파스타, 뇨끼"
43,レストラン,ラア,라아 연희동,イタリアン,からすみパスタなど,店内OK,なし,延禧洞（ヨニドン）,연희동,西大門区,서울특별시 서대문구 연희로11라길 10-8 1층,37.5684723,126.9303991,4.5,7,一般飲食店,https://www.google.com/maps/search/?api=1&query=37.5684723%2C126.9303991,https://map.naver.com/p/search/%EB%9D%BC%EC%95%84%20%EC%84%9C%EC%9A%B8%ED%8A%B9%EB%B3%84%EC%8B%9C%20%EC%84%9C%EB%8C%80%EB%AC%B8%EA%B5%AC%20%EC%97%B0%ED%9D%AC%EB%A1%9C11%EB%9D%BC%EA%B8%B8%2010-8%201%EC%B8%B5,https://www.diningcode.com/profile.php?rid=lmKq4qun6xYt,"파스타, 어란파스타"
44,レストラン,ムンタロ,문타로 연희동,居酒屋,焼き鳥・和風居酒屋,店内OK,なし,延禧洞（ヨニドン）,연희동,西大門区,서울특별시 서대문구 연희맛로 17-49 지층 1호,37.5670151,126.9289266,,0,一般飲食店,https://www.google.com/maps/search/?api=1&query=37.5670151%2C126.9289266,https://map.naver.com/p/search/%EB%AC%B8%ED%83%80%EB%A1%9C%20%EC%84%9C%EC%9A%B8%ED%8A%B9%EB%B3%84%EC%8B%9C%20%EC%84%9C%EB%8C%80%EB%AC%B8%EA%B5%AC%20%EC%97%B0%ED%9D%AC%EB%A7%9B%EB%A1%9C%2017-49%20%EC%A7%80%EC%B8%B5%201%ED%98%B8,https://www.diningcode.com/profile.php?rid=BfR1WhxH6uEH,"이자카야, 야키토리"
45,レストラン,シーケイブ,씨케이브 연희동,洋食,洋食・パスタ,店内OK,あり,延禧洞（ヨニドン）,연희동,西大門区,서울특별시 서대문구 연희로 89-12 102호,37.5665074,126.9298901,5,2,一般飲食店,https://www.google.com/maps/search/?api=1&query=37.5665074%2C126.9298901,https://map.naver.com/p/search/%EC%94%A8%EC%BC%80%EC%9D%B4%EB%B8%8C%20%EC%84%9C%EC%9A%B8%ED%8A%B9%EB%B3%84%EC%8B%9C%20%EC%84%9C%EB%8C%80%EB%AC%B8%EA%B5%AC%20%EC%97%B0%ED%9D%AC%EB%A1%9C%2089-12%20102%ED%98%B8,https://www.diningcode.com/profile.php?rid=kMNZfO9itkRZ,"양식, 파스타"
46,レストラン,カリフハウス,칼리프하우스 문래,ブランチ,ブランチ（屋上席あり）,店内OK,あり,文来（ムンレ）,문래,永登浦区,서울특별시 영등포구 도림로139길 2-2 칼리프하우스 문래,37.5146723,126.8933523,4.1,14,一般飲食店,https://www.google.com/maps/search/?api=1&query=37.5146723%2C126.8933523,https://map.naver.com/p/search/%EC%B9%BC%EB%A6%AC%ED%94%84%ED%95%98%EC%9A%B0%EC%8A%A4%20%EC%84%9C%EC%9A%B8%ED%8A%B9%EB%B3%84%EC%8B%9C%20%EC%98%81%EB%93%B1%ED%8F%AC%EA%B5%AC%20%EB%8F%84%EB%A6%BC%EB%A1%9C139%EA%B8%B8%202-2%20%EC%B9%BC%EB%A6%AC%ED%94%84%ED%95%98%EC%9A%B0%EC%8A%A4%20%EB%AC%B8%EB%9E%98,https://www.diningcode.com/profile.php?rid=hLm2ihJFGkEc,브런치
47,レストラン,ソンジュ・ブル冷麺,송주불냉면 영등포점,韓国料理,激辛冷麺,店内OK,なし,堂山（タンサン）,당산,永登浦区,서울 영등포구 당산로28길 6 1층 우측호,37.5246238,126.8971782,4.5,1,一般飲食店,https://www.google.com/maps/search/?api=1&query=37.5246238%2C126.8971782,https://map.naver.com/p/search/%EC%86%A1%EC%A3%BC%EB%B6%88%EB%83%89%EB%A9%B4%20%EC%84%9C%EC%9A%B8%20%EC%98%81%EB%93%B1%ED%8F%AC%EA%B5%AC%20%EB%8B%B9%EC%82%B0%EB%A1%9C28%EA%B8%B8%206%201%EC%B8%B5%20%EC%9A%B0%EC%B8%A1%ED%98%B8,https://www.diningcode.com/profile.php?rid=AE1Z014tKqTM,"냉면, 매운냉면"
48,レストラン,スギネ・タッカンマリカルグクス,숙이네닭한마리칼국수 영등포,韓国料理,タッカンマリ（鶏一羽鍋）,店内OK,なし,道林洞（トリムドン）,도림동,永登浦区,서울특별시 영등포구 도림로108길 10-1 1층,37.5075363,126.9022266,,0,一般飲食店,https://www.google.com/maps/search/?api=1&query=37.5075363%2C126.9022266,https://map.naver.com/p/search/%EC%88%99%EC%9D%B4%EB%84%A4%EB%8B%AD%ED%95%9C%EB%A7%88%EB%A6%AC%EC%B9%BC%EA%B5%AD%EC%88%98%20%EC%84%9C%EC%9A%B8%ED%8A%B9%EB%B3%84%EC%8B%9C%20%EC%98%81%EB%93%B1%ED%8F%AC%EA%B5%AC%20%EB%8F%84%EB%A6%BC%EB%A1%9C108%EA%B8%B8%2010-1%201%EC%B8%B5,https://www.diningcode.com/profile.php?rid=mCL4zTXcH2hg,"닭한마리, 아이스티"
49,レストラン,ミルゴレ,밀거래 성신여대,日本料理,日本の家庭料理・鮭いくら丼,店内OK,なし,誠信女大（ソンシンヨデ）,성신여대,城北区,서울특별시 성북구 동소문로22길 57-6,37.590586,127.018983,3.6,5,一般飲食店,https://www.google.com/maps/search/?api=1&query=37.590586%2C127.018983,https://map.naver.com/p/search/%EB%B0%80%EA%B1%B0%EB%9E%98%20%EC%84%9C%EC%9A%B8%ED%8A%B9%EB%B3%84%EC%8B%9C%20%EC%84%B1%EB%B6%81%EA%B5%AC%20%EB%8F%99%EC%86%8C%EB%AC%B8%EB%A1%9C22%EA%B8%B8%2057-6,https://www.diningcode.com/profile.php?rid=h9Dkl2sINVlU,"일본가정식, 사케동"
50,レストラン,中華料理 パルゴン,중화요리 팔공,中華,ジャージャー麺・中華,店内OK,なし,禿山洞（トクサンドン）,독산동,衿川区,서울특별시 관악구 남부순환로 1680,37.4841291,126.9371692,4.6,35,一般飲食店,https://www.google.com/maps/search/?api=1&query=37.4841291%2C126.9371692,https://map.naver.com/p/search/%EC%A4%91%ED%99%94%EC%9A%94%EB%A6%AC%20%ED%8C%94%EA%B3%B5%20%EC%84%9C%EC%9A%B8%ED%8A%B9%EB%B3%84%EC%8B%9C%20%EA%B4%80%EC%95%85%EA%B5%AC%20%EB%82%A8%EB%B6%80%EC%88%9C%ED%99%98%EB%A1%9C%201680,https://www.diningcode.com/profile.php?rid=SlU4iocpXug7,짜장면
51,カフェ,チョンサンガオク（天上家屋）,천상가옥 성수,ベーカリーカフェ,焼き菓子・パン・コーヒー,店内OK,あり,聖水（ソンス）,성수,城東区,서울특별시 성동구 성수이로14길 14 A동 3층,37.54166,127.056862,4.2,46,ベーカリー,https://www.google.com/maps/search/?api=1&query=37.54166%2C127.056862,https://map.naver.com/p/search/%EC%B2%9C%EC%83%81%EA%B0%80%EC%98%A5%20%EC%84%9C%EC%9A%B8%ED%8A%B9%EB%B3%84%EC%8B%9C%20%EC%84%B1%EB%8F%99%EA%B5%AC%20%EC%84%B1%EC%88%98%EC%9D%B4%EB%A1%9C14%EA%B8%B8%2014%20A%EB%8F%99%203%EC%B8%B5,https://www.diningcode.com/profile.php?rid=kvhFvQegWELq,"베이커리, 카페"
52,カフェ,メイプルトップ,메이플탑 성수,ブランチカフェ,パンケーキ・ブランチ,店内OK,あり,聖水（ソンス）,성수,城東区,서울특별시 성동구 성수이로14길 14 성수연방 A동 2층,37.54166,127.056862,4,15,一般飲食店,https://www.google.com/maps/search/?api=1&query=37.54166%2C127.056862,https://map.naver.com/p/search/%EB%A9%94%EC%9D%B4%ED%94%8C%ED%83%91%20%EC%84%9C%EC%9A%B8%ED%8A%B9%EB%B3%84%EC%8B%9C%20%EC%84%B1%EB%8F%99%EA%B5%AC%20%EC%84%B1%EC%88%98%EC%9D%B4%EB%A1%9C14%EA%B8%B8%2014%20%EC%84%B1%EC%88%98%EC%97%B0%EB%B0%A9%20A%EB%8F%99%202%EC%B8%B5,https://www.diningcode.com/profile.php?rid=Mwx2QHcLyJhZ,"브런치, 팬케이크"
53,カフェ,ペルルン,펠른 서울숲,カフェ,デザート・コーヒー,店内OK,なし,ソウルの森,서울숲,城東区,서울 성동구 서울숲2길 6 1층,37.547675,127.0396274,4,16,一般飲食店,https://www.google.com/maps/search/?api=1&query=37.547675%2C127.0396274,https://map.naver.com/p/search/%ED%8E%A0%EB%A5%B8%20%EC%84%9C%EC%9A%B8%20%EC%84%B1%EB%8F%99%EA%B5%AC%20%EC%84%9C%EC%9A%B8%EC%88%B22%EA%B8%B8%206%201%EC%B8%B5,https://www.diningcode.com/profile.php?rid=NNdHz4iy8z3H,"카페, 디저트"
54,カフェ,ボマーケット ソウルの森店,보마켓 서울숲점,カフェ,雑貨カフェ・コーヒー・軽食,店内OK,なし,ソウルの森,서울숲,城東区,서울특별시 성동구 왕십리로 83-21,37.543868,127.0441334,3.7,9,一般飲食店,https://www.google.com/maps/search/?api=1&query=37.543868%2C127.0441334,https://map.naver.com/p/search/%EB%B3%B4%EB%A7%88%EC%BC%93%20%EC%84%9C%EC%9A%B8%ED%8A%B9%EB%B3%84%EC%8B%9C%20%EC%84%B1%EB%8F%99%EA%B5%AC%20%EC%99%95%EC%8B%AD%EB%A6%AC%EB%A1%9C%2083-21,https://www.diningcode.com/profile.php?rid=3QS7mIZFwjlf,"소품카페, 커피"
55,カフェ,カフェ グリンルーム,카페 그린룸 GRIN ROOM 성수,カフェ,ルーフトップカフェ,店内OK,あり,聖水（ソンス）,성수,城東区,서울특별시 성동구 왕십리로 136 3층,37.5497636,127.0445962,5,2,一般飲食店,https://www.google.com/maps/search/?api=1&query=37.5497636%2C127.0445962,https://map.naver.com/p/search/%EC%B9%B4%ED%8E%98%20%EA%B7%B8%EB%A6%B0%EB%A3%B8%20GRIN%20ROOM%20%EC%84%9C%EC%9A%B8%ED%8A%B9%EB%B3%84%EC%8B%9C%20%EC%84%B1%EB%8F%99%EA%B5%AC%20%EC%99%95%EC%8B%AD%EB%A6%AC%EB%A1%9C%20136%203%EC%B8%B5,https://www.diningcode.com/profile.php?rid=TVkCOretCfXl,"카페, 루프탑"
56,カフェ,ピリコーヒー,필리커피 망원동,カフェ,クロワッサン・ラテ,店内OK,あり,望遠（マンウォン）,망원,麻浦区,"서울특별시 마포구 월드컵로25길 26 101동 1-021, 022호",37.5582009,126.9058687,4.6,13,一般飲食店,https://www.google.com/maps/search/?api=1&query=37.5582009%2C126.9058687,https://map.naver.com/p/search/%ED%95%84%EB%A6%AC%EC%BB%A4%ED%94%BC%20%EC%84%9C%EC%9A%B8%ED%8A%B9%EB%B3%84%EC%8B%9C%20%EB%A7%88%ED%8F%AC%EA%B5%AC%20%EC%9B%94%EB%93%9C%EC%BB%B5%EB%A1%9C25%EA%B8%B8%2026%20101%EB%8F%99%201-021%2C%20022%ED%98%B8,https://www.diningcode.com/profile.php?rid=w3SoOJIKzwae,"크로와상, 라떼"
57,カフェ,クムス延南,금수연남 연남동,カフェ,デザートカフェ,店内OK,なし,延南洞（ヨンナムドン）,연남동,麻浦区,서울특별시 마포구 동교로39길 7 2층,37.562118,126.924067,5,2,一般飲食店,https://www.google.com/maps/search/?api=1&query=37.562118%2C126.924067,https://map.naver.com/p/search/%EA%B8%88%EC%88%98%EC%97%B0%EB%82%A8%20%EC%84%9C%EC%9A%B8%ED%8A%B9%EB%B3%84%EC%8B%9C%20%EB%A7%88%ED%8F%AC%EA%B5%AC%20%EB%8F%99%EA%B5%90%EB%A1%9C39%EA%B8%B8%207%202%EC%B8%B5,https://www.diningcode.com/profile.php?rid=KLtPVEwDY5d9,"카페, 디저트"
58,カフェ,カフェ ドゥニュ,카페 드뉴 광흥창역,カフェ,エッグタルト・コーヒー,店内OK,なし,広興倉（クァンフンチャン）,광흥창,麻浦区,서울특별시 마포구 독막로24길 11 1층,37.5466871,126.9327919,4.5,3,一般飲食店,https://www.google.com/maps/search/?api=1&query=37.5466871%2C126.9327919,https://map.naver.com/p/search/%EC%B9%B4%ED%8E%98%20%EB%93%9C%EB%89%B4%20%EC%84%9C%EC%9A%B8%ED%8A%B9%EB%B3%84%EC%8B%9C%20%EB%A7%88%ED%8F%AC%EA%B5%AC%20%EB%8F%85%EB%A7%89%EB%A1%9C24%EA%B8%B8%2011%201%EC%B8%B5,https://www.diningcode.com/profile.php?rid=WEtuSAGcu1Ih,"카페, 에그타르트"
59,カフェ,ハグハグラブ,허그허그러브 연남동,ブランチカフェ,バゲットサンド・ブランチ,店内OK,あり,延南洞（ヨンナムドン）,연남동,麻浦区,서울특별시 마포구 동교로51길 111 2층,37.5663007,126.9208511,4.7,2,ベーカリー,https://www.google.com/maps/search/?api=1&query=37.5663007%2C126.9208511,https://map.naver.com/p/search/%ED%97%88%EA%B7%B8%ED%97%88%EA%B7%B8%EB%9F%AC%EB%B8%8C%20%EC%84%9C%EC%9A%B8%ED%8A%B9%EB%B3%84%EC%8B%9C%20%EB%A7%88%ED%8F%AC%EA%B5%AC%20%EB%8F%99%EA%B5%90%EB%A1%9C51%EA%B8%B8%20111%202%EC%B8%B5,https://www.diningcode.com/profile.php?rid=TshF51Xwerxw,"브런치, 바게트샌드위치"
60,カフェ,コーヒーリブレ,커피 리브레 파란점,コーヒー専門,スペシャルティコーヒー焙煎,店内OK,あり,延南洞（ヨンナムドン）,연남동,麻浦区,"서울특별시 마포구 성미산로29길 17-8 1, 2층",37.5647464,126.9218932,3.5,2,一般飲食店,https://www.google.com/maps/search/?api=1&query=37.5647464%2C126.9218932,https://map.naver.com/p/search/%EC%BB%A4%ED%94%BC%20%EB%A6%AC%EB%B8%8C%EB%A0%88%20%EC%84%9C%EC%9A%B8%ED%8A%B9%EB%B3%84%EC%8B%9C%20%EB%A7%88%ED%8F%AC%EA%B5%AC%20%EC%84%B1%EB%AF%B8%EC%82%B0%EB%A1%9C29%EA%B8%B8%2017-8%201%2C%202%EC%B8%B5,https://www.diningcode.com/profile.php?rid=gwaeDVfZ8Pug,"커피, 카페"
61,カフェ,ベーカリー ロフィン,베이커리 로핀 서교동,ベーカリー,塩パン・自家製パン,店内OK,なし,西橋洞（ソギョドン）,서교동,麻浦区,서울특별시 마포구 월드컵로10길 17 1층 베이커리로핀,37.5548406,126.9126815,5,1,ベーカリー,https://www.google.com/maps/search/?api=1&query=37.5548406%2C126.9126815,https://map.naver.com/p/search/%EB%B2%A0%EC%9D%B4%EC%BB%A4%EB%A6%AC%20%EB%A1%9C%ED%95%80%20%EC%84%9C%EC%9A%B8%ED%8A%B9%EB%B3%84%EC%8B%9C%20%EB%A7%88%ED%8F%AC%EA%B5%AC%20%EC%9B%94%EB%93%9C%EC%BB%B5%EB%A1%9C10%EA%B8%B8%2017%201%EC%B8%B5%20%EB%B2%A0%EC%9D%B4%EC%BB%A4%EB%A6%AC%EB%A1%9C%ED%95%80,https://www.diningcode.com/profile.php?rid=FFsIiEk5i5BZ,"소금빵, 베이커리"
62,カフェ,オベニュ漢南,오베뉴한남 한남동,カフェ,デザート・コーヒー,店内OK,なし,漢南洞（ハンナムドン）,한남동,龍山区,서울특별시 용산구 한남대로20길 47-18 1층,37.5352165,127.0102604,4.2,9,一般飲食店,https://www.google.com/maps/search/?api=1&query=37.5352165%2C127.0102604,https://map.naver.com/p/search/%EC%98%A4%EB%B2%A0%EB%89%B4%ED%95%9C%EB%82%A8%20%EC%84%9C%EC%9A%B8%ED%8A%B9%EB%B3%84%EC%8B%9C%20%EC%9A%A9%EC%82%B0%EA%B5%AC%20%ED%95%9C%EB%82%A8%EB%8C%80%EB%A1%9C20%EA%B8%B8%2047-18%201%EC%B8%B5,https://www.diningcode.com/profile.php?rid=xgrmAiRrwCWJ,"카페, 디저트"
63,カフェ,アーキビスト 漢南,아키비스트 한남,コーヒー専門,アインシュペナー・コーヒー,店内OK,あり,漢南洞（ハンナムドン）,한남동,龍山区,서울특별시 용산구 한남대로42길 41 1층 아키비스트 한남,37.5440257,127.0030144,4.7,7,軽飲食店,https://www.google.com/maps/search/?api=1&query=37.5440257%2C127.0030144,https://map.naver.com/p/search/%EC%95%84%ED%82%A4%EB%B9%84%EC%8A%A4%ED%8A%B8%20%EC%84%9C%EC%9A%B8%ED%8A%B9%EB%B3%84%EC%8B%9C%20%EC%9A%A9%EC%82%B0%EA%B5%AC%20%ED%95%9C%EB%82%A8%EB%8C%80%EB%A1%9C42%EA%B8%B8%2041%201%EC%B8%B5%20%EC%95%84%ED%82%A4%EB%B9%84%EC%8A%A4%ED%8A%B8%20%ED%95%9C%EB%82%A8,https://www.diningcode.com/profile.php?rid=b9wCCzwEGivl,"커피, 아인슈페너"
64,カフェ,グラメド,그라메도 GRMD 숙대입구역,カフェ,バナナプディング・コーヒー,店内OK,なし,南営／淑大入口,숙대입구,龍山区,서울특별시 용산구 두텁바위로1길 22 1층,37.5456027,126.9736382,4,3,一般飲食店,https://www.google.com/maps/search/?api=1&query=37.5456027%2C126.9736382,https://map.naver.com/p/search/%EA%B7%B8%EB%9D%BC%EB%A9%94%EB%8F%84%20GRMD%20%EC%84%9C%EC%9A%B8%ED%8A%B9%EB%B3%84%EC%8B%9C%20%EC%9A%A9%EC%82%B0%EA%B5%AC%20%EB%91%90%ED%85%81%EB%B0%94%EC%9C%84%EB%A1%9C1%EA%B8%B8%2022%201%EC%B8%B5,https://www.diningcode.com/profile.php?rid=42bEmy2H5Uhe,"카페, 바나나푸딩"
65,カフェ,ディ・ジンテーゼ,디 진테제 카페 이태원,コーヒー専門,スペシャルティコーヒー,店内OK,あり,梨泰院（イテウォン）,이태원,龍山区,서울특별시 용산구 녹사평대로40다길 61 1층 카페,37.5367644,126.9905934,4.5,1,一般飲食店,https://www.google.com/maps/search/?api=1&query=37.5367644%2C126.9905934,https://map.naver.com/p/search/%EB%94%94%20%EC%A7%84%ED%85%8C%EC%A0%9C%20%EC%B9%B4%ED%8E%98%20%EC%84%9C%EC%9A%B8%ED%8A%B9%EB%B3%84%EC%8B%9C%20%EC%9A%A9%EC%82%B0%EA%B5%AC%20%EB%85%B9%EC%82%AC%ED%8F%89%EB%8C%80%EB%A1%9C40%EB%8B%A4%EA%B8%B8%2061%201%EC%B8%B5%20%EC%B9%B4%ED%8E%98,https://www.diningcode.com/profile.php?rid=x79hcA7cIbwE,"커피, 카페"
66,カフェ,スタッフピックス,스태픽스 서촌,カフェ,デザート・コーヒー（庭付き）,店内OK,なし,西村（ソチョン）,서촌,鍾路区,서울특별시 종로구 사직로9길 22 102호,37.5774705,126.9680306,4.1,65,一般飲食店,https://www.google.com/maps/search/?api=1&query=37.5774705%2C126.9680306,https://map.naver.com/p/search/%EC%8A%A4%ED%83%9C%ED%94%BD%EC%8A%A4%20%EC%84%9C%EC%9A%B8%ED%8A%B9%EB%B3%84%EC%8B%9C%20%EC%A2%85%EB%A1%9C%EA%B5%AC%20%EC%82%AC%EC%A7%81%EB%A1%9C9%EA%B8%B8%2022%20102%ED%98%B8,https://www.diningcode.com/profile.php?rid=WHpg1EeTcLmr,"카페, 디저트"
67,カフェ,カフェ アーキビスト 西村,카페 아키비스트 서촌,コーヒー専門,アインシュペナー・コーヒー,店内OK,なし,西村（ソチョン）,서촌,鍾路区,서울특별시 종로구 효자로13길 52 1층 아키비스트 서촌,37.5822184,126.9726786,4.4,59,一般飲食店,https://www.google.com/maps/search/?api=1&query=37.5822184%2C126.9726786,https://map.naver.com/p/search/%EC%B9%B4%ED%8E%98%20%EC%95%84%ED%82%A4%EB%B9%84%EC%8A%A4%ED%8A%B8%20%EC%84%9C%EC%9A%B8%ED%8A%B9%EB%B3%84%EC%8B%9C%20%EC%A2%85%EB%A1%9C%EA%B5%AC%20%ED%9A%A8%EC%9E%90%EB%A1%9C13%EA%B8%B8%2052%201%EC%B8%B5%20%EC%95%84%ED%82%A4%EB%B9%84%EC%8A%A4%ED%8A%B8%20%EC%84%9C%EC%B4%8C,https://www.diningcode.com/profile.php?rid=UpdkRbI72II3,"커피, 아인슈페너"
68,カフェ,ヘリテージクラブ,헤리티지클럽 서순라길,カフェ,コーヒー（宗廟の石垣沿い）,店内OK,あり,西巡邏キル,서순라길,鍾路区,서울특별시 종로구 서순라길 75,37.5737728,126.9924895,4.4,31,一般飲食店,https://www.google.com/maps/search/?api=1&query=37.5737728%2C126.9924895,https://map.naver.com/p/search/%ED%97%A4%EB%A6%AC%ED%8B%B0%EC%A7%80%ED%81%B4%EB%9F%BD%20%EC%84%9C%EC%9A%B8%ED%8A%B9%EB%B3%84%EC%8B%9C%20%EC%A2%85%EB%A1%9C%EA%B5%AC%20%EC%84%9C%EC%88%9C%EB%9D%BC%EA%B8%B8%2075,https://www.diningcode.com/profile.php?rid=fDl3HST7myKP,"커피, 카페"
69,カフェ,ベランダ,베란다 서촌,ブックカフェ,本のあるカフェ,店内OK,あり,西村（ソチョン）,서촌,鍾路区,서울특별시 종로구 사직로10길 9-4,37.5753694,126.9705503,4.4,17,一般飲食店,https://www.google.com/maps/search/?api=1&query=37.5753694%2C126.9705503,https://map.naver.com/p/search/%EB%B2%A0%EB%9E%80%EB%8B%A4%20%EC%84%9C%EC%9A%B8%ED%8A%B9%EB%B3%84%EC%8B%9C%20%EC%A2%85%EB%A1%9C%EA%B5%AC%20%EC%82%AC%EC%A7%81%EB%A1%9C10%EA%B8%B8%209-4,https://www.diningcode.com/profile.php?rid=fZKRvrOZXccX,"카페, 북카페"
70,カフェ,オーカーショア,오커쇼어,ベーカリー,ベーカリー・コーヒー,店内OK,なし,社稷洞（サジクドン）,사직동,鍾路区,서울특별시 종로구 사직로 130 지상1층 2호,37.5753767,126.9733437,4.4,13,一般飲食店,https://www.google.com/maps/search/?api=1&query=37.5753767%2C126.9733437,https://map.naver.com/p/search/%EC%98%A4%EC%BB%A4%EC%87%BC%EC%96%B4%20%EC%84%9C%EC%9A%B8%ED%8A%B9%EB%B3%84%EC%8B%9C%20%EC%A2%85%EB%A1%9C%EA%B5%AC%20%EC%82%AC%EC%A7%81%EB%A1%9C%20130%20%EC%A7%80%EC%83%811%EC%B8%B5%202%ED%98%B8,https://www.diningcode.com/profile.php?rid=R9V5BbfNKa2C,"베이커리, 아메리카노"
71,カフェ,ワンサード,원써드 서촌,カフェ,コーヒー・自家焙煎,店内OK,あり,西村（ソチョン）,서촌,鍾路区,서울 종로구 필운대로 43,37.5798626,126.9685924,4.1,8,一般飲食店,https://www.google.com/maps/search/?api=1&query=37.5798626%2C126.9685924,https://map.naver.com/p/search/%EC%9B%90%EC%8D%A8%EB%93%9C%20%EC%84%9C%EC%9A%B8%20%EC%A2%85%EB%A1%9C%EA%B5%AC%20%ED%95%84%EC%9A%B4%EB%8C%80%EB%A1%9C%2043,https://www.diningcode.com/profile.php?rid=x6uYr6pZFHDg,"카페, 커피"
72,カフェ,西村茶菓房,서촌다과방 경복궁역,韓国茶カフェ,伝統茶・韓菓（韓屋カフェ）,店内OK,あり,西村（ソチョン）,서촌,鍾路区,서울특별시 종로구 필운대로 6 서촌다과방,37.5765794,126.9693426,5,2,一般飲食店,https://www.google.com/maps/search/?api=1&query=37.5765794%2C126.9693426,https://map.naver.com/p/search/%EC%84%9C%EC%B4%8C%EB%8B%A4%EA%B3%BC%EB%B0%A9%20%EC%84%9C%EC%9A%B8%ED%8A%B9%EB%B3%84%EC%8B%9C%20%EC%A2%85%EB%A1%9C%EA%B5%AC%20%ED%95%84%EC%9A%B4%EB%8C%80%EB%A1%9C%206%20%EC%84%9C%EC%B4%8C%EB%8B%A4%EA%B3%BC%EB%B0%A9,https://www.diningcode.com/profile.php?rid=dwHbD418YTe2,"카페, 한옥카페"
73,カフェ,クレスタウン 狎鴎亭,크레스타운 압구정점,カフェ,コーヒー・デザート,店内OK,なし,狎鴎亭（アックジョン）,압구정,江南区,"서울특별시 강남구 압구정로46길 5-2 1층 104호, 105호",37.5279654,127.0368352,4.7,2,一般飲食店,https://www.google.com/maps/search/?api=1&query=37.5279654%2C127.0368352,https://map.naver.com/p/search/%ED%81%AC%EB%A0%88%EC%8A%A4%ED%83%80%EC%9A%B4%20%EC%84%9C%EC%9A%B8%ED%8A%B9%EB%B3%84%EC%8B%9C%20%EA%B0%95%EB%82%A8%EA%B5%AC%20%EC%95%95%EA%B5%AC%EC%A0%95%EB%A1%9C46%EA%B8%B8%205-2%201%EC%B8%B5%20104%ED%98%B8%2C%20105%ED%98%B8,https://www.diningcode.com/profile.php?rid=wqXFVxMbk9iq,"카페, 커피"
74,カフェ,カフェ エンバイコン,카페 엔바이콘 논현점,カフェ,ブランチ・コーヒー,店内OK,あり,論峴洞（ノニョンドン）,논현동,江南区,"서울특별시 강남구 논현로149길 66 지하 1,2층",37.5172519,127.0229663,4.4,2,一般飲食店,https://www.google.com/maps/search/?api=1&query=37.5172519%2C127.0229663,https://map.naver.com/p/search/%EC%B9%B4%ED%8E%98%20%EC%97%94%EB%B0%94%EC%9D%B4%EC%BD%98%20%EC%84%9C%EC%9A%B8%ED%8A%B9%EB%B3%84%EC%8B%9C%20%EA%B0%95%EB%82%A8%EA%B5%AC%20%EB%85%BC%ED%98%84%EB%A1%9C149%EA%B8%B8%2066%20%EC%A7%80%ED%95%98%201%2C2%EC%B8%B5,https://www.diningcode.com/profile.php?rid=SFHZBpEPCyPL,"카페, 브런치"
75,カフェ,アロハタートル,알로하터틀 양재천,カフェ,アサイーボウル・スムージー,店内OK,なし,良才川（ヤンジェチョン）,양재천,江南区,"서울특별시 강남구 양재천로 169 지하1층, 지상1층 알로하터틀",37.4817033,127.0449277,4,1,一般飲食店,https://www.google.com/maps/search/?api=1&query=37.4817033%2C127.0449277,https://map.naver.com/p/search/%EC%95%8C%EB%A1%9C%ED%95%98%ED%84%B0%ED%8B%80%20%EC%84%9C%EC%9A%B8%ED%8A%B9%EB%B3%84%EC%8B%9C%20%EA%B0%95%EB%82%A8%EA%B5%AC%20%EC%96%91%EC%9E%AC%EC%B2%9C%EB%A1%9C%20169%20%EC%A7%80%ED%95%981%EC%B8%B5%2C%20%EC%A7%80%EC%83%811%EC%B8%B5%20%EC%95%8C%EB%A1%9C%ED%95%98%ED%84%B0%ED%8B%80,https://www.diningcode.com/profile.php?rid=nDw2rdGA5gZk,"카페, 아사이볼"
76,カフェ,セカンドブレス,세컨브레스 양재천,カフェ,コーヒー・デザート,店内OK,あり,良才川（ヤンジェチョン）,양재천,瑞草区,서울특별시 서초구 양재천로 95-2 1층,37.476084,127.0397931,4.1,16,一般飲食店,https://www.google.com/maps/search/?api=1&query=37.476084%2C127.0397931,https://map.naver.com/p/search/%EC%84%B8%EC%BB%A8%EB%B8%8C%EB%A0%88%EC%8A%A4%20%EC%84%9C%EC%9A%B8%ED%8A%B9%EB%B3%84%EC%8B%9C%20%EC%84%9C%EC%B4%88%EA%B5%AC%20%EC%96%91%EC%9E%AC%EC%B2%9C%EB%A1%9C%2095-2%201%EC%B8%B5,https://www.diningcode.com/profile.php?rid=YnvRGOkZnM8L,카페
77,カフェ,リヨリヨコーヒー,리요리요커피 이수역,カフェ,クロッフル・コーヒー,店内OK,なし,方背洞（パンベドン）,방배동,瑞草区,서울특별시 서초구 방배천로18길 11 아르떼상가 B동 104호 리요리요커피,37.4828082,126.9836324,4.6,14,一般飲食店,https://www.google.com/maps/search/?api=1&query=37.4828082%2C126.9836324,https://map.naver.com/p/search/%EB%A6%AC%EC%9A%94%EB%A6%AC%EC%9A%94%EC%BB%A4%ED%94%BC%20%EC%84%9C%EC%9A%B8%ED%8A%B9%EB%B3%84%EC%8B%9C%20%EC%84%9C%EC%B4%88%EA%B5%AC%20%EB%B0%A9%EB%B0%B0%EC%B2%9C%EB%A1%9C18%EA%B8%B8%2011%20%EC%95%84%EB%A5%B4%EB%96%BC%EC%83%81%EA%B0%80%20B%EB%8F%99%20104%ED%98%B8%20%EB%A6%AC%EC%9A%94%EB%A6%AC%EC%9A%94%EC%BB%A4%ED%94%BC,https://www.diningcode.com/profile.php?rid=bs1veUGsHESF,"카페, 크로플"
78,カフェ,リフレクトコーヒー,리플렉트커피 로스팅 랩 양재,コーヒー専門,自家焙煎コーヒー,店内OK,なし,瑞草洞（ソチョドン）,서초동,瑞草区,서울특별시 서초구 남부순환로347길 53 104호,37.4867162,127.0308995,4.5,10,一般飲食店,https://www.google.com/maps/search/?api=1&query=37.4867162%2C127.0308995,https://map.naver.com/p/search/%EB%A6%AC%ED%94%8C%EB%A0%89%ED%8A%B8%EC%BB%A4%ED%94%BC%20%EB%A1%9C%EC%8A%A4%ED%8C%85%20%EB%9E%A9%20%EC%84%9C%EC%9A%B8%ED%8A%B9%EB%B3%84%EC%8B%9C%20%EC%84%9C%EC%B4%88%EA%B5%AC%20%EB%82%A8%EB%B6%80%EC%88%9C%ED%99%98%EB%A1%9C347%EA%B8%B8%2053%20104%ED%98%B8,https://www.diningcode.com/profile.php?rid=7yWYYhZBGlX9,"카페, 커피"
79,カフェ,モンタク 方背,몬탁 방배,ベーカリー,ベーカリー・コーヒー,店内OK,あり,方背洞（パンベドン）,방배동,瑞草区,서울특별시 서초구 서초대로25길 54 1층,37.4901635,126.9931435,4.5,9,一般飲食店,https://www.google.com/maps/search/?api=1&query=37.4901635%2C126.9931435,https://map.naver.com/p/search/%EB%AA%AC%ED%83%81%20%EC%84%9C%EC%9A%B8%ED%8A%B9%EB%B3%84%EC%8B%9C%20%EC%84%9C%EC%B4%88%EA%B5%AC%20%EC%84%9C%EC%B4%88%EB%8C%80%EB%A1%9C25%EA%B8%B8%2054%201%EC%B8%B5,https://www.diningcode.com/profile.php?rid=OYQijcl8pVuh,"베이커리, 커피"
80,カフェ,リフレッシャス,리프레셔스 사당,カフェ,コーヒー・デザート,店内OK,なし,方背洞（パンベドン）,방배동,瑞草区,서울특별시 서초구 청두곶6길 8 1층 리프레셔스,37.4793886,126.9856186,4.9,10,一般飲食店,https://www.google.com/maps/search/?api=1&query=37.4793886%2C126.9856186,https://map.naver.com/p/search/%EB%A6%AC%ED%94%84%EB%A0%88%EC%85%94%EC%8A%A4%20%EC%84%9C%EC%9A%B8%ED%8A%B9%EB%B3%84%EC%8B%9C%20%EC%84%9C%EC%B4%88%EA%B5%AC%20%EC%B2%AD%EB%91%90%EA%B3%B66%EA%B8%B8%208%201%EC%B8%B5%20%EB%A6%AC%ED%94%84%EB%A0%88%EC%85%94%EC%8A%A4,https://www.diningcode.com/profile.php?rid=qNYZ576ABtxH,"카페, 커피"
81,カフェ,アディクティブ,어딕티브 논현역,コーヒー専門,シングルオリジンコーヒー,店内OK,なし,盤浦洞（パンポドン）,반포동,瑞草区,서울 서초구 주흥길 64-17 102호,37.5090231,127.0194378,3.9,6,一般飲食店,https://www.google.com/maps/search/?api=1&query=37.5090231%2C127.0194378,https://map.naver.com/p/search/%EC%96%B4%EB%94%95%ED%8B%B0%EB%B8%8C%20%EC%84%9C%EC%9A%B8%20%EC%84%9C%EC%B4%88%EA%B5%AC%20%EC%A3%BC%ED%9D%A5%EA%B8%B8%2064-17%20102%ED%98%B8,https://www.diningcode.com/profile.php?rid=rsYZQth75JvO,"커피, 콜롬비아"
82,カフェ,ハーフパウンド,하프파운드 석촌고분역,ベーカリー,パン・焼き菓子,店内OK,なし,石村（ソクチョン）,석촌,松坡区,서울특별시 송파구 백제고분로33길 10 2층 하프파운드,37.5035013,127.0988917,4.3,15,軽飲食店,https://www.google.com/maps/search/?api=1&query=37.5035013%2C127.0988917,https://map.naver.com/p/search/%ED%95%98%ED%94%84%ED%8C%8C%EC%9A%B4%EB%93%9C%20%EC%84%9C%EC%9A%B8%ED%8A%B9%EB%B3%84%EC%8B%9C%20%EC%86%A1%ED%8C%8C%EA%B5%AC%20%EB%B0%B1%EC%A0%9C%EA%B3%A0%EB%B6%84%EB%A1%9C33%EA%B8%B8%2010%202%EC%B8%B5%20%ED%95%98%ED%94%84%ED%8C%8C%EC%9A%B4%EB%93%9C,https://www.diningcode.com/profile.php?rid=E2093SEACaVG,베이커리
83,カフェ,アーキビスト 松坡,아키비스트 송파점,ベーカリーカフェ,パン・コーヒー,店内OK,あり,松坡洞（ソンパドン）,송파동,松坡区,"서울 송파구 오금로16길 4 지하1층, 지상1층, 2층",37.511098,127.1091126,4,12,一般飲食店,https://www.google.com/maps/search/?api=1&query=37.511098%2C127.1091126,https://map.naver.com/p/search/%EC%95%84%ED%82%A4%EB%B9%84%EC%8A%A4%ED%8A%B8%20%EC%84%9C%EC%9A%B8%20%EC%86%A1%ED%8C%8C%EA%B5%AC%20%EC%98%A4%EA%B8%88%EB%A1%9C16%EA%B8%B8%204%20%EC%A7%80%ED%95%981%EC%B8%B5%2C%20%EC%A7%80%EC%83%811%EC%B8%B5%2C%202%EC%B8%B5,https://www.diningcode.com/profile.php?rid=0gipr3V0JQUY,"베이커리, 카페"
84,カフェ,ストーン&ウォーター,스톤앤워터 올림픽공원,カフェ,コーヒー（オリンピック公園近く）,店内OK,あり,芳荑洞（パンイドン）,방이동,松坡区,서울특별시 송파구 가락로 283 1층 스톤앤워터,37.5131451,127.1199032,4,10,一般飲食店,https://www.google.com/maps/search/?api=1&query=37.5131451%2C127.1199032,https://map.naver.com/p/search/%EC%8A%A4%ED%86%A4%EC%95%A4%EC%9B%8C%ED%84%B0%20%EC%84%9C%EC%9A%B8%ED%8A%B9%EB%B3%84%EC%8B%9C%20%EC%86%A1%ED%8C%8C%EA%B5%AC%20%EA%B0%80%EB%9D%BD%EB%A1%9C%20283%201%EC%B8%B5%20%EC%8A%A4%ED%86%A4%EC%95%A4%EC%9B%8C%ED%84%B0,https://www.diningcode.com/profile.php?rid=CzNzMSsrCwm7,"커피, 카페"
85,カフェ,キューキューキューキュー,큐큐큐큐 송파나루역,カフェ,コーヒー・デザート,店内OK,あり,松坡ナル駅,송파나루,松坡区,서울특별시 송파구 오금로20길 4 1층 103호,37.5093327,127.1132989,4.8,5,一般飲食店,https://www.google.com/maps/search/?api=1&query=37.5093327%2C127.1132989,https://map.naver.com/p/search/%ED%81%90%ED%81%90%ED%81%90%ED%81%90%20%EC%84%9C%EC%9A%B8%ED%8A%B9%EB%B3%84%EC%8B%9C%20%EC%86%A1%ED%8C%8C%EA%B5%AC%20%EC%98%A4%EA%B8%88%EB%A1%9C20%EA%B8%B8%204%201%EC%B8%B5%20103%ED%98%B8,https://www.diningcode.com/profile.php?rid=9GQ31WYTmqtP,카페
86,カフェ,クリームベーグル 蚕室店,크림베이글 잠실점,ベーカリー,ベーグル・クリームベーグル,店内OK,あり,石村（ソクチョン）,석촌,松坡区,서울특별시 송파구 송파대로 473 1층 크림베이글 잠실점,37.5082546,127.1039918,4.5,2,一般飲食店,https://www.google.com/maps/search/?api=1&query=37.5082546%2C127.1039918,https://map.naver.com/p/search/%ED%81%AC%EB%A6%BC%EB%B2%A0%EC%9D%B4%EA%B8%80%20%EC%84%9C%EC%9A%B8%ED%8A%B9%EB%B3%84%EC%8B%9C%20%EC%86%A1%ED%8C%8C%EA%B5%AC%20%EC%86%A1%ED%8C%8C%EB%8C%80%EB%A1%9C%20473%201%EC%B8%B5%20%ED%81%AC%EB%A6%BC%EB%B2%A0%EC%9D%B4%EA%B8%80%20%EC%9E%A0%EC%8B%A4%EC%A0%90,https://www.diningcode.com/profile.php?rid=4pTePn0t6eG4,"베이글, 크림베이글"
87,カフェ,チェリーコーヒー 君子,체리커피 군자점,カフェ,コーヒー・デザート,店内OK,なし,陵洞（ヌンドン）,능동,広津区,서울특별시 광진구 능동로 284,37.5551555,127.0787247,4.1,29,一般飲食店,https://www.google.com/maps/search/?api=1&query=37.5551555%2C127.0787247,https://map.naver.com/p/search/%EC%B2%B4%EB%A6%AC%EC%BB%A4%ED%94%BC%20%EC%84%9C%EC%9A%B8%ED%8A%B9%EB%B3%84%EC%8B%9C%20%EA%B4%91%EC%A7%84%EA%B5%AC%20%EB%8A%A5%EB%8F%99%EB%A1%9C%20284,https://www.diningcode.com/profile.php?rid=22R4xce5h5KK,"카페, 커피"
88,カフェ,グッティンコーヒー,굿띵커피 아차산,コーヒー専門,自家焙煎コーヒー,店内OK,なし,峨嵯山（アチャサン）,아차산,広津区,서울특별시 광진구 영화사로 51 1동 1층 101호,37.555702,127.0923936,4.5,12,軽飲食店,https://www.google.com/maps/search/?api=1&query=37.555702%2C127.0923936,https://map.naver.com/p/search/%EA%B5%BF%EB%9D%B5%EC%BB%A4%ED%94%BC%20%EC%84%9C%EC%9A%B8%ED%8A%B9%EB%B3%84%EC%8B%9C%20%EA%B4%91%EC%A7%84%EA%B5%AC%20%EC%98%81%ED%99%94%EC%82%AC%EB%A1%9C%2051%201%EB%8F%99%201%EC%B8%B5%20101%ED%98%B8,https://www.diningcode.com/profile.php?rid=i4DIO6xBAj5s,"커피, 카페"
89,カフェ,プッシュコーヒー,푸쉬 커피 아차산,コーヒー専門,スペシャルティコーヒー,店内OK,なし,九宜洞（クイドン）,구의동,広津区,서울특별시 광진구 자양로45길 24-3 푸쉬커피,37.5523284,127.0913165,4.3,13,一般飲食店,https://www.google.com/maps/search/?api=1&query=37.5523284%2C127.0913165,https://map.naver.com/p/search/%ED%91%B8%EC%89%AC%20%EC%BB%A4%ED%94%BC%20%EC%84%9C%EC%9A%B8%ED%8A%B9%EB%B3%84%EC%8B%9C%20%EA%B4%91%EC%A7%84%EA%B5%AC%20%EC%9E%90%EC%96%91%EB%A1%9C45%EA%B8%B8%2024-3%20%ED%91%B8%EC%89%AC%EC%BB%A4%ED%94%BC,https://www.diningcode.com/profile.php?rid=QfJue9fTWa0V,"커피, 카페"
90,カフェ,ミンギジョク,밍기적 증산역,カフェ,キャロットケーキ・コーヒー,店内OK,あり,繒山（チュンサン）,증산,西大門区,서울특별시 서대문구 불광천길 274 1층,37.5862878,126.9132768,4.8,7,一般飲食店,https://www.google.com/maps/search/?api=1&query=37.5862878%2C126.9132768,https://map.naver.com/p/search/%EB%B0%8D%EA%B8%B0%EC%A0%81%20%EC%84%9C%EC%9A%B8%ED%8A%B9%EB%B3%84%EC%8B%9C%20%EC%84%9C%EB%8C%80%EB%AC%B8%EA%B5%AC%20%EB%B6%88%EA%B4%91%EC%B2%9C%EA%B8%B8%20274%201%EC%B8%B5,https://www.diningcode.com/profile.php?rid=xQX66ZNxnJB5,"카페, 당근케이크"
91,カフェ,コーヒー店 トンギョン 延禧,커피가게 동경 연희점,コーヒー専門,アインシュペナー・コーヒー,店内OK,なし,延禧洞（ヨニドン）,연희동,西大門区,서울특별시 서대문구 연희맛로 23,37.5670966,126.929608,4.7,6,軽飲食店,https://www.google.com/maps/search/?api=1&query=37.5670966%2C126.929608,https://map.naver.com/p/search/%EC%BB%A4%ED%94%BC%EA%B0%80%EA%B2%8C%20%EB%8F%99%EA%B2%BD%20%EC%84%9C%EC%9A%B8%ED%8A%B9%EB%B3%84%EC%8B%9C%20%EC%84%9C%EB%8C%80%EB%AC%B8%EA%B5%AC%20%EC%97%B0%ED%9D%AC%EB%A7%9B%EB%A1%9C%2023,https://www.diningcode.com/profile.php?rid=etd1wm531Lp7,"커피, 아인슈페너"
92,カフェ,ニルジェラート,닐젤라또 연희동,ジェラート,ジェラート・ソルベ,店内OK,なし,延禧洞（ヨニドン）,연희동,西大門区,서울특별시 서대문구 연희맛로 17-7 1층 101호,37.5668682,126.9291748,3.4,2,一般飲食店,https://www.google.com/maps/search/?api=1&query=37.5668682%2C126.9291748,https://map.naver.com/p/search/%EB%8B%90%EC%A0%A4%EB%9D%BC%EB%98%90%20%EC%84%9C%EC%9A%B8%ED%8A%B9%EB%B3%84%EC%8B%9C%20%EC%84%9C%EB%8C%80%EB%AC%B8%EA%B5%AC%20%EC%97%B0%ED%9D%AC%EB%A7%9B%EB%A1%9C%2017-7%201%EC%B8%B5%20101%ED%98%B8,https://www.diningcode.com/profile.php?rid=4Xt90us73oX0,"젤라또, 소르베"
93,カフェ,ポエットルーム,포엣룸 문래,ブックカフェ,本のあるカフェ,店内OK,なし,文来（ムンレ）,문래,永登浦区,서울특별시 영등포구 도림로141가길 4 1층 포엣룸,37.5148956,126.8926397,4.5,15,軽飲食店,https://www.google.com/maps/search/?api=1&query=37.5148956%2C126.8926397,https://map.naver.com/p/search/%ED%8F%AC%EC%97%A3%EB%A3%B8%20%EC%84%9C%EC%9A%B8%ED%8A%B9%EB%B3%84%EC%8B%9C%20%EC%98%81%EB%93%B1%ED%8F%AC%EA%B5%AC%20%EB%8F%84%EB%A6%BC%EB%A1%9C141%EA%B0%80%EA%B8%B8%204%201%EC%B8%B5%20%ED%8F%AC%EC%97%A3%EB%A3%B8,https://www.diningcode.com/profile.php?rid=evvm1BhoD8RM,"카페, 북카페"
94,カフェ,ユーアーマイジェラート,you are my gelato 문래,ジェラート,ジェラート・ソルベ,店内OK,なし,文来（ムンレ）,문래,永登浦区,서울특별시 영등포구 도림로 425 1층 유아마이젤라또,37.513855,126.8955174,4,11,軽飲食店,https://www.google.com/maps/search/?api=1&query=37.513855%2C126.8955174,https://map.naver.com/p/search/you%20are%20my%20gelato%20%EC%84%9C%EC%9A%B8%ED%8A%B9%EB%B3%84%EC%8B%9C%20%EC%98%81%EB%93%B1%ED%8F%AC%EA%B5%AC%20%EB%8F%84%EB%A6%BC%EB%A1%9C%20425%201%EC%B8%B5%20%EC%9C%A0%EC%95%84%EB%A7%88%EC%9D%B4%EC%A0%A4%EB%9D%BC%EB%98%90,https://www.diningcode.com/profile.php?rid=KXizOEI8uQTH,"젤라또, 소르베"
95,カフェ,ヘビーローテイト,헤비로테이트 영등포,カフェ,コーヒー・デザート,店内OK,なし,道林洞（トリムドン）,도림동,永登浦区,서울특별시 영등포구 도신로19길 22,37.5081924,126.8996738,4.5,10,軽飲食店,https://www.google.com/maps/search/?api=1&query=37.5081924%2C126.8996738,https://map.naver.com/p/search/%ED%97%A4%EB%B9%84%EB%A1%9C%ED%85%8C%EC%9D%B4%ED%8A%B8%20%EC%84%9C%EC%9A%B8%ED%8A%B9%EB%B3%84%EC%8B%9C%20%EC%98%81%EB%93%B1%ED%8F%AC%EA%B5%AC%20%EB%8F%84%EC%8B%A0%EB%A1%9C19%EA%B8%B8%2022,https://www.diningcode.com/profile.php?rid=t2xJoE1F1vBy,"카페, 커피"
96,カフェ,アイル,아일 한성대입구역,カフェ,デザート・コーヒー,店内OK,あり,漢城大入口,한성대입구,城北区,서울특별시 성북구 삼선교로11길 34 1층,37.5890742,127.0105363,4.1,28,一般飲食店,https://www.google.com/maps/search/?api=1&query=37.5890742%2C127.0105363,https://map.naver.com/p/search/%EC%95%84%EC%9D%BC%20%EC%84%9C%EC%9A%B8%ED%8A%B9%EB%B3%84%EC%8B%9C%20%EC%84%B1%EB%B6%81%EA%B5%AC%20%EC%82%BC%EC%84%A0%EA%B5%90%EB%A1%9C11%EA%B8%B8%2034%201%EC%B8%B5,https://www.diningcode.com/profile.php?rid=uPCZn78SDUnR,"카페, 디저트"
97,カフェ,ヘロコーヒー,해로커피 성북동,韓屋カフェ,韓屋カフェ・コーヒー,店内OK,あり,城北洞（ソンブクトン）,성북동,城北区,서울특별시 성북구 성북로 19-3,37.5896387,127.0042807,4.3,19,軽飲食店,https://www.google.com/maps/search/?api=1&query=37.5896387%2C127.0042807,https://map.naver.com/p/search/%ED%95%B4%EB%A1%9C%EC%BB%A4%ED%94%BC%20%EC%84%9C%EC%9A%B8%ED%8A%B9%EB%B3%84%EC%8B%9C%20%EC%84%B1%EB%B6%81%EA%B5%AC%20%EC%84%B1%EB%B6%81%EB%A1%9C%2019-3,https://www.diningcode.com/profile.php?rid=46fUpR4jfAMc,"카페, 한옥카페"
98,カフェ,コーヒーストア,커피스토어 보문역,コーヒー専門,コーヒー,店内OK,なし,安岩（アナム）,안암,城北区,서울특별시 성북구 안암로5길 72,37.5821746,127.0227554,4.5,4,一般飲食店,https://www.google.com/maps/search/?api=1&query=37.5821746%2C127.0227554,https://map.naver.com/p/search/%EC%BB%A4%ED%94%BC%EC%8A%A4%ED%86%A0%EC%96%B4%20%EC%84%9C%EC%9A%B8%ED%8A%B9%EB%B3%84%EC%8B%9C%20%EC%84%B1%EB%B6%81%EA%B5%AC%20%EC%95%88%EC%95%94%EB%A1%9C5%EA%B8%B8%2072,https://www.diningcode.com/profile.php?rid=h1sKY6Fwd5GC,"카페, 커피"
99,カフェ,サル,사루 약수역,カフェ,コーヒー・デザート,店内OK,なし,薬水（ヤクス）,약수,中区,서울특별시 중구 동호로12길 53 1층,37.5575655,127.0116173,4.7,13,一般飲食店,https://www.google.com/maps/search/?api=1&query=37.5575655%2C127.0116173,https://map.naver.com/p/search/%EC%82%AC%EB%A3%A8%20%EC%84%9C%EC%9A%B8%ED%8A%B9%EB%B3%84%EC%8B%9C%20%EC%A4%91%EA%B5%AC%20%EB%8F%99%ED%98%B8%EB%A1%9C12%EA%B8%B8%2053%201%EC%B8%B5,https://www.diningcode.com/profile.php?rid=NHHXUK1TrpWU,"카페, 커피"
100,カフェ,97.7華氏,97.7화씨 왕십리,カフェ,コーヒー（ヴィンテージ空間）,店内OK,なし,黄鶴洞（ファンハクトン）,황학동,中区,서울특별시 중구 난계로15길 41-7 지층 97.7화씨,37.568687,127.0215853,4.5,2,一般飲食店,https://www.google.com/maps/search/?api=1&query=37.568687%2C127.0215853,https://map.naver.com/p/search/97.7%ED%99%94%EC%94%A8%20%EC%84%9C%EC%9A%B8%ED%8A%B9%EB%B3%84%EC%8B%9C%20%EC%A4%91%EA%B5%AC%20%EB%82%9C%EA%B3%84%EB%A1%9C15%EA%B8%B8%2041-7%20%EC%A7%80%EC%B8%B5%2097.7%ED%99%94%EC%94%A8,https://www.diningcode.com/profile.php?rid=ujLO9Vl1ihek,"카페, 커피"
